{
  "slides": [
    {
      "id": 1,
      "label": "Rectangle 1",
      "x": 183.86269478543187,
      "y": 249.38532510135678,
      "buttons": [
        2,
        3,
        null
      ]
    },
    {
      "id": 2,
      "label": "Rectangle 3",
      "x": 725.78664986593,
      "y": 38.078729942761186,
      "buttons": []
    },
    {
      "id": 3,
      "label": "Rectangle 4",
      "x": 731.8626947854318,
      "y": 488.3853251013568,
      "buttons": []
    },
    {
      "id": 5,
      "label": "Rectangle 6",
      "x": 100,
      "y": 100,
      "buttons": []
    }
  ]
}