{
  "slides": [
    {
      "id": 1,
      "label": "Rectangle 1",
      "x": 228.86269478543187,
      "y": 286.3853251013568,
      "buttons": [
        2,
        3,
        null
      ]
    },
    {
      "id": 2,
      "label": "Rectangle 3",
      "x": 672.78664986593,
      "y": 195.07872994276119,
      "buttons": []
    },
    {
      "id": 3,
      "label": "Rectangle 4",
      "x": 954.8626947854318,
      "y": 132.38532510135678,
      "buttons": []
    }
  ]
}