{
  "slides": [
    {
      "id": 1,
      "label": "Rectangle 1",
      "x": 71.86269478543187,
      "y": 284.3853251013568,
      "buttons": [
        2,
        null,
        3
      ]
    },
    {
      "id": 2,
      "label": "Rectangle 3",
      "x": 485.78664986593003,
      "y": 238.07872994276119,
      "buttons": [
        14
      ]
    },
    {
      "id": 3,
      "label": "Rectangle 4",
      "x": 483.8626947854318,
      "y": 411.3853251013568,
      "buttons": [
        14
      ]
    },
    {
      "id": 14,
      "label": "Rectangle 15",
      "x": 804,
      "y": 327,
      "buttons": []
    }
  ]
}