{
  "slides": [
    {
      "id": 1,
      "label": "Rectangle 1",
      "x": 318.86269478543187,
      "y": 327.3853251013568,
      "buttons": [
        2,
        null,
        null
      ]
    },
    {
      "id": 2,
      "label": "Rectangle 3",
      "x": 845.78664986593,
      "y": 115.07872994276119,
      "buttons": [
        null
      ]
    }
  ]
}