{
  "slides": [
    {
      "id": 1,
      "label": "Rectangle 1",
      "x": 238.86269478543187,
      "y": 240.38532510135678,
      "buttons": [
        2,
        2,
        null
      ]
    },
    {
      "id": 2,
      "label": "Rectangle 3",
      "x": 798.78664986593,
      "y": 183.07872994276119,
      "buttons": [
        null
      ]
    }
  ]
}